{
    "parent": "item/generated",
    "textures": {
	    "layer0": "minecraft:item/paper"
    },

    "overrides": [
      { "predicate": {"custom_model_data": 1}, "model": "item/paper/1"},
      { "predicate": {"custom_model_data": 2}, "model": "item/paper/2"},
      { "predicate": {"custom_model_data": 3}, "model": "item/paper/3"},
      { "predicate": {"custom_model_data": 10}, "model": "item/paper/double_jump"},
      { "predicate": {"custom_model_data": 11}, "model": "item/paper/hotbar_sounds"},
      { "predicate": {"custom_model_data": 12}, "model": "item/paper/spawn_location"},
      { "predicate": {"custom_model_data": 13}, "model": "item/paper/player_visibility"}
    ]
}