{
    "parent": "item/generated",
    "textures": {
	    "layer0": "minecraft:item/rabbit_foot"
    },

    "overrides": [
      { "predicate": {"custom_model_data": 1}, "model": "item/rabbit_foot/leave_game"},
      { "predicate": {"custom_model_data": 2}, "model": "item/rabbit_foot/page_back"},
      { "predicate": {"custom_model_data": 3}, "model": "item/rabbit_foot/page_close"},
      { "predicate": {"custom_model_data": 4}, "model": "item/rabbit_foot/page_left"},
      { "predicate": {"custom_model_data": 5}, "model": "item/rabbit_foot/page_right"},
      { "predicate": {"custom_model_data": 6}, "model": "item/rabbit_foot/play_again"},
      { "predicate": {"custom_model_data": 7}, "model": "item/rabbit_foot/update"},
      { "predicate": {"custom_model_data": 8}, "model": "item/rabbit_foot/map"}
    ]
}