{
    "parent": "item/generated",
    "textures": {
	    "layer0": "item/paper"
    },

    "overrides": [
      { "predicate": {"custom_model_data": 1}, "model": "item/paper/1"},
      { "predicate": {"custom_model_data": 2}, "model": "item/paper/2"},
      { "predicate": {"custom_model_data": 3}, "model": "item/paper/3"},
      { "predicate": {"custom_model_data": 10}, "model": "item/paper/double_jump"},
      { "predicate": {"custom_model_data": 11}, "model": "item/paper/hotbar_sounds"},
      { "predicate": {"custom_model_data": 12}, "model": "item/paper/spawn_location"},
      { "predicate": {"custom_model_data": 13}, "model": "item/paper/player_visibility"},
      
      {"predicate": {"custom_model_data": 3700}, "model": "empty"},
      {"predicate": {"custom_model_data": 3701}, "model": "arrow_left"},
      {"predicate": {"custom_model_data": 3702}, "model": "arrow_right"},
      {"predicate": {"custom_model_data": 3703}, "model": "cancel"},
      {"predicate": {"custom_model_data": 3704}, "model": "confirm"},
      {"predicate": {"custom_model_data": 3705}, "model": "like"},
      {"predicate": {"custom_model_data": 3706}, "model": "notify"},
      {"predicate": {"custom_model_data": 3707}, "model": "settings"},
      {"predicate": {"custom_model_data": 3708}, "model": "party/toggle_off"},
      {"predicate": {"custom_model_data": 3709}, "model": "party/toggle_on"},
      {"predicate": {"custom_model_data": 3710}, "model": "party/accept"},
      {"predicate": {"custom_model_data": 3711}, "model": "party/deny"},
      {"predicate": {"custom_model_data": 3712}, "model": "party/invite"},
      {"predicate": {"custom_model_data": 3713}, "model": "party/jump"},
      {"predicate": {"custom_model_data": 3714}, "model": "party/send"},
      {"predicate": {"custom_model_data": 3715}, "model": "no_notify"},
      {"predicate": {"custom_model_data": 3716}, "model": "sort"},
      {"predicate": {"custom_model_data": 3717}, "model": "no_like"}
  ]
}