{
	"credit": "Made with Blockbench",
	"textures": {
		"0": "party/buttons/items/send",
		"particle": "party/buttons/items/send"
	},
	"elements": [
		{
			"from": [-9, 0, 0],
			"to": [32, 8, 0],
			"faces": {
				"north": {"uv": [0, 0, 16, 8], "texture": "#missing"},
				"east": {"uv": [0, 0, 0, 8], "texture": "#missing"},
				"south": {"uv": [0, 0, 16, 16], "texture": "#0"},
				"west": {"uv": [0, 0, 0, 8], "texture": "#missing"},
				"up": {"uv": [0, 0, 16, 0], "texture": "#missing"},
				"down": {"uv": [0, 0, 16, 0], "texture": "#missing"}
			}
		}
	],
	"gui_light": "front",
	"display": {
		"gui": {
			"translation": [26, 8, 0],
			"scale": [2, 2, 2]
		}
	}
}