{
	"providers": [

		{"type": "bitmap","file": "minecraft:misc/logo.png","ascent": 64, "height": 128, "chars": ["頹"]},

		{ "type": "bitmap", "file": "minecraft:misc/backdrop.png", "height": 1024, "ascent": 512, "chars": [ "󼱦" ] },
		{ "type": "bitmap", "file": "minecraft:misc/logo.png", "height": 32, "ascent": 16, "chars": [ "󼱧" ] },

		{"type": "bitmap","file": "font/navigator_title.png","ascent": 10, "height": 14, "chars": ["浤"]},
		{"type": "bitmap","file": "font/items_title.png","ascent": 10, "height": 14, "chars": ["煤"]},
		{"type": "bitmap","file": "font/profile_title.png","ascent": 10, "height": 14, "chars": ["搰"]},
		
		{"type": "bitmap","file": "gui/tryjump/navnew.png","ascent": 19, "height": 256, "chars": ["煪"]},
		{"type": "bitmap","file": "gui/tryjump/navigator.png","ascent": 19,"height": 256,"chars": [""]},
		{"type": "bitmap","file": "gui/tryjump/navigator-team.png","ascent": 19,"height": 256,"chars": [""]},
		{"type": "bitmap","file": "gui/tryjump/profile-0.png","ascent": 19,"height": 256,"chars": [""]},
		{"type": "bitmap","file": "gui/tryjump/profile-1.png","ascent": 19,"height": 256,"chars": [""]},
		{"type": "bitmap","file": "gui/tryjump/profile-2.png","ascent": 19,"height": 256,"chars": [""]},
		{"type": "bitmap","file": "gui/tryjump/profile-3.png","ascent": 19,"height": 256,"chars": [""]},
		{"type": "bitmap","file": "gui/tryjump/lobby-parkour/shop-0.png","ascent": 19,"height": 256,"chars": [""]},
		{"type": "bitmap","file": "gui/tryjump/lobby-parkour/shop-1.png","ascent": 19,"height": 256,"chars": [""]},
		{"type": "bitmap","file": "gui/tryjump/lobby-parkour/shop-2.png","ascent": 19,"height": 256,"chars": [""]},
	
		{"type": "bitmap","file": "font/tags/prefix.png","ascent": 7, "height": 7, "chars": ["大"]},
		{"type": "bitmap","file": "font/tags/friends.png","ascent": 7, "height": 7, "chars": ["つ"]},
		{"type": "bitmap","file": "font/tags/party.png","ascent": 7, "height": 7, "chars": ["田"]},
		{"type": "bitmap","file": "font/tags/discord.png","ascent": 7, "height": 7, "chars": ["衙"]},
		{"type": "bitmap","file": "font/tags/error.png","ascent": 7, "height": 7, "chars": ["浳"]},
	
		{"type": "bitmap","file": "font/tags/ranks/admin.png","ascent": 7, "height": 7, "chars": ["簡"]},
		{"type": "bitmap","file": "font/tags/ranks/developer.png","ascent": 7, "height": 7, "chars": ["計"]},
		{"type": "bitmap","file": "font/tags/ranks/architekt.png","ascent": 7, "height": 7, "chars": ["設"]},
		{"type": "bitmap","file": "font/tags/ranks/moderator.png","ascent": 7, "height": 7, "chars": ["頁"]},
		{"type": "bitmap","file": "font/tags/ranks/supporter.png","ascent": 7, "height": 7, "chars": ["網"]},
		{"type": "bitmap","file": "font/tags/ranks/media.png","ascent": 7, "height": 7, "chars": ["事"]},
		{"type": "bitmap","file": "font/tags/ranks/default.png","ascent": 7, "height": 7, "chars": ["從"]},

		{"type": "bitmap","file": "font/tags/ranks/updated/admin_icon_tag.png","ascent": 7, "height": 7, "chars": [""]},
		{"type": "bitmap","file": "font/tags/ranks/updated/admin_tag.png","ascent": 7, "height": 7, "chars": [""]},
		{"type": "bitmap","file": "font/tags/ranks/updated/developer_icon_tag.png","ascent": 7, "height": 7, "chars": [""]},
		{"type": "bitmap","file": "font/tags/ranks/updated/developer_tag.png","ascent": 7, "height": 7, "chars": [""]},
		{"type": "bitmap","file": "font/tags/ranks/updated/builder_icon_tag.png","ascent": 7, "height": 7, "chars": [""]},
		{"type": "bitmap","file": "font/tags/ranks/updated/builder_tag.png","ascent": 7, "height": 7, "chars": [""]},
		{"type": "bitmap","file": "font/tags/ranks/updated/moderator_icon_tag.png","ascent": 7, "height": 7, "chars": [""]},
		{"type": "bitmap","file": "font/tags/ranks/updated/moderator_tag.png","ascent": 7, "height": 7, "chars": [""]},
		{"type": "bitmap","file": "font/tags/ranks/updated/supporter_icon_tag.png","ascent": 7, "height": 7, "chars": [""]},
		{"type": "bitmap","file": "font/tags/ranks/updated/supporter_tag.png","ascent": 7, "height": 7, "chars": [""]},
		{"type": "bitmap","file": "font/tags/ranks/updated/twitch_icon_tag.png","ascent": 7, "height": 7, "chars": [""]},
		{"type": "bitmap","file": "font/tags/ranks/updated/twitch_tag.png","ascent": 7, "height": 7, "chars": [""]},
		{"type": "bitmap","file": "font/tags/ranks/updated/player_icon_tag.png","ascent": 7, "height": 7, "chars": [""]},
		{"type": "bitmap","file": "font/tags/ranks/updated/player_tag.png","ascent": 7, "height": 7, "chars": [""]},

		{"type": "bitmap","file": "font/space.png","ascent": -32768,"height": -3,"chars": ["⻔"]},
		{"type": "bitmap","file": "font/space_split.png","ascent": 1,"height": 100,"chars": [""]},

		{"chars": ["ꐕ"],"file": "party/ui/settings.png","ascent": 37,"height": 256,"type": "bitmap"},
		{"chars": ["ꐜ"],"file": "required/null.png","ascent": -32768,"height": -18,"type": "bitmap"},
		{"chars": ["ꐖ"],"file": "party/ui/anvil.png","ascent": 40,"height": 256,"type": "bitmap"},
		{"chars": ["ꐓ"],"file": "party/ui/profile.png","ascent": 37,"height": 256,"type": "bitmap"},
		{"chars": ["ꐔ"],"file": "party/ui/requests.png","ascent": 37,"height": 256,"type": "bitmap"},
		{"chars": ["ꐑ"],"file": "party/ui/friends.png","ascent": 37,"height": 256,"type": "bitmap"},
		{"chars": ["ꐙ"],"file": "required/null.png","ascent": -32768,"height": -4,"type": "bitmap"},
		{"chars": ["ꐘ"],"file": "required/null.png","ascent": -32768,"height": -3,"type": "bitmap"},
		{"chars": ["ꐒ"],"file": "party/ui/member.png","ascent": 37,"height": 256,"type": "bitmap"},
		{"chars": ["ꐞ"],"file": "required/null.png","ascent": -32768,"height": -66,"type": "bitmap"},
		{"chars": ["ꐚ"],"file": "required/null.png","ascent": -32768,"height": -6,"type": "bitmap"},
		{"chars": ["ꐝ"],"file": "required/null.png","ascent": -32768,"height": -34,"type": "bitmap"},
		{"chars": ["ꐐ"],"file": "party/ui/party.png","ascent": 37,"height": 256,"type": "bitmap"},
		{"chars": ["ꐛ"],"file": "required/null.png","ascent": -32768,"height": -10,"type": "bitmap"}
		
	]
}