{
	"providers": [

		{"type": "bitmap","file": "font/logo.png","ascent": 64, "height": 128, "chars": ["頹"]},

        { "type": "bitmap", "file": "minecraft:misc/backdrop.png", "height": 1024, "ascent": 512, "chars": [ "󼱦" ] },
        { "type": "bitmap", "file": "minecraft:misc/logo.png", "height": 32, "ascent": 16, "chars": [ "󼱧" ] },

		{"type": "bitmap","file": "font/navigator_title.png","ascent": 10, "height": 14, "chars": ["浤"]},
		{"type": "bitmap","file": "font/profile_title.png","ascent": 10, "height": 14, "chars": ["搰"]},

		{"type": "bitmap","file": "gui/navigator.png","ascent": 19,"height": 256,"chars": [""]},
	
		{"type": "bitmap","file": "font/tags/discord.png","ascent": 7, "height": 7, "chars": ["衙"]},
		{"type": "bitmap","file": "font/tags/error.png","ascent": 7, "height": 7, "chars": ["浳"]},
	
		{"type": "bitmap","file": "font/tags/ranks/admin.png","ascent": 7, "height": 7, "chars": ["簡"]},
		{"type": "bitmap","file": "font/tags/ranks/developer.png","ascent": 7, "height": 7, "chars": ["計"]},
		{"type": "bitmap","file": "font/tags/ranks/architekt.png","ascent": 7, "height": 7, "chars": ["設"]},
		{"type": "bitmap","file": "font/tags/ranks/moderator.png","ascent": 7, "height": 7, "chars": ["頁"]},
		{"type": "bitmap","file": "font/tags/ranks/supporter.png","ascent": 7, "height": 7, "chars": ["網"]},
		{"type": "bitmap","file": "font/tags/ranks/media.png","ascent": 7, "height": 7, "chars": ["事"]},
		{"type": "bitmap","file": "font/tags/ranks/default.png","ascent": 7, "height": 7, "chars": ["從"]},

		{"type": "bitmap","file": "font/space.png","ascent": -32768,"height": -3,"chars": ["⻔"]},
		{"type": "bitmap","file": "font/space_split.png","ascent": 1,"height": 100,"chars": [""]}
		
	]
}