{

    "slimejump.refresh":{"sounds":["refresh"],"category":"record"},
    "slimejump.gui_click_general":{"sounds":["gui_click_general"],"category":"record"},
    "slimejump.gui_click_success":{"sounds":["gui_click_success"],"category":"record"},
    "slimejump.gui_click_primary":{"sounds":["gui_click_primary"],"category":"record"},
    "slimejump.gui_click_secondary":{"sounds":["gui_click_secondary"],"category":"record"},
    "slimejump.error_general":{"sounds":["error_general"],"category":"record"},
    "slimejump.mentioned_sound":{"sounds":["mentioned_sound"],"category":"record"},
    "slimejump.level-up":{"sounds":["level-up"],"category":"record"},
    "slimejump.notification_general":{"sounds":["notification_general"],"category":"record"},
    "slimejump.welcome":{"sounds":["welcome"],"category":"record"}
}