{
    "parent": "item/generated",
    "textures": {
	    "layer0": "minecraft:item/stick"
    },

    "overrides": [
      { "predicate": {"custom_model_data": 1}, "model": "item/controls/filler"},
      { "predicate": {"custom_model_data": 2}, "model": "item/controls/next"},
      { "predicate": {"custom_model_data": 3}, "model": "item/controls/previous"},
      { "predicate": {"custom_model_data": 4}, "model": "item/auctions/back"},

      { "predicate": {"custom_model_data": 5}, "model": "item/controls/arrowright"},
      { "predicate": {"custom_model_data": 6}, "model": "item/controls/arrowleft"},
      { "predicate": {"custom_model_data": 7}, "model": "item/controls/close"},
      { "predicate": {"custom_model_data": 8}, "model": "item/controls/check"},
      { "predicate": {"custom_model_data": 9}, "model": "item/controls/x"},

      {"predicate": {"custom_model_data":10}, "model": "item/casino/crashgame"},
      {"predicate": {"custom_model_data":11}, "model": "item/casino/slotmachine"},
      {"predicate": {"custom_model_data":12}, "model": "item/casino/chair"},

      {"predicate": {"custom_model_data":20}, "model": "item/nations/members"},
      {"predicate": {"custom_model_data":21}, "model": "item/nations/roles"},
      {"predicate": {"custom_model_data":22}, "model": "item/nations/settings"},
      {"predicate": {"custom_model_data":23}, "model": "item/nations/flags"},
      {"predicate": {"custom_model_data":24}, "model": "item/nations/chunks"},
      {"predicate": {"custom_model_data":25}, "model": "item/nations/flag"},

      {"predicate": {"custom_model_data":30}, "model": "item/profile/store"},
      {"predicate": {"custom_model_data":31}, "model": "item/profile/map"},
      {"predicate": {"custom_model_data":32}, "model": "item/profile/web"},
      {"predicate": {"custom_model_data":33}, "model": "item/profile/discord"},
      {"predicate": {"custom_model_data":34}, "model": "item/profile/battlepass"},
      {"predicate": {"custom_model_data":35}, "model": "item/profile/warps"},
      {"predicate": {"custom_model_data":36}, "model": "item/profile/tags"},
      {"predicate": {"custom_model_data":37}, "model": "item/profile/casino"},

      {"predicate": {"custom_model_data":40}, "model": "item/settings/disabled"},
      {"predicate": {"custom_model_data":41}, "model": "item/settings/enabled"},

      {"predicate": {"custom_model_data":50}, "model": "item/flags/pvp"},
      {"predicate": {"custom_model_data":51}, "model": "item/flags/pve"},
      {"predicate": {"custom_model_data":52}, "model": "item/flags/block-break"},
      {"predicate": {"custom_model_data":53}, "model": "item/flags/farmtrample"},
      {"predicate": {"custom_model_data":54}, "model": "item/flags/other"},
      {"predicate": {"custom_model_data":55}, "model": "item/flags/unleash"},
      {"predicate": {"custom_model_data":56}, "model": "item/flags/block-place"},
      {"predicate": {"custom_model_data":57}, "model": "item/flags/damage"},

      {"predicate": {"custom_model_data":70}, "model": "item/store/gems"},
      {"predicate": {"custom_model_data":71}, "model": "item/store/cosmetics"},
      {"predicate": {"custom_model_data":72}, "model": "item/store/bundles"},

      {"predicate": {"custom_model_data":200}, "model": "item/jobs/brewer"},
      {"predicate": {"custom_model_data":201}, "model": "item/jobs/builder"},
      {"predicate": {"custom_model_data":202}, "model": "item/jobs/cook"},
      {"predicate": {"custom_model_data":203}, "model": "item/jobs/crafter"},
      {"predicate": {"custom_model_data":204}, "model": "item/jobs/enchanter"},
      {"predicate": {"custom_model_data":205}, "model": "item/jobs/engineer"},
      {"predicate": {"custom_model_data":206}, "model": "item/jobs/explorer"},
      {"predicate": {"custom_model_data":207}, "model": "item/jobs/farmer"},
      {"predicate": {"custom_model_data":208}, "model": "item/jobs/fisherman"},
      {"predicate": {"custom_model_data":209}, "model": "item/jobs/hunter"},
      {"predicate": {"custom_model_data":210}, "model": "item/jobs/miner"},
      {"predicate": {"custom_model_data":211}, "model": "item/jobs/weaponsmith"},
      {"predicate": {"custom_model_data":212}, "model": "item/jobs/woodcutter"},
      {"predicate": {"custom_model_data":213}, "model": "item/jobs/digger"},

      {"predicate": {"custom_model_data":300}, "model": "item/auctions/armor"},
      {"predicate": {"custom_model_data":301}, "model": "item/auctions/blocks"},
      {"predicate": {"custom_model_data":302}, "model": "item/auctions/consumables"},
      {"predicate": {"custom_model_data":303}, "model": "item/auctions/others"},
      {"predicate": {"custom_model_data":304}, "model": "item/auctions/tools"},
      {"predicate": {"custom_model_data":305}, "model": "item/auctions/weapons"},
      {"predicate": {"custom_model_data":306}, "model": "item/auctions/next_page"},
      {"predicate": {"custom_model_data":307}, "model": "item/auctions/previous_page"},
      {"predicate": {"custom_model_data":308}, "model": "item/auctions/sort"},
      {"predicate": {"custom_model_data":309}, "model": "item/auctions/filter"},
      {"predicate": {"custom_model_data":310}, "model": "item/auctions/search"},
      {"predicate": {"custom_model_data":311}, "model": "item/auctions/back"},
      {"predicate": {"custom_model_data":312}, "model": "item/auctions/ahmanager"},
      {"predicate": {"custom_model_data":313}, "model": "item/auctions/ahduration"},
      {"predicate": {"custom_model_data":314}, "model": "item/auctions/ahstartingbid"},
      {"predicate": {"custom_model_data":315}, "model": "item/auctions/ahnoitem"},
      {"predicate": {"custom_model_data":316}, "model": "item/auctions/ahcreate"},
      {"predicate": {"custom_model_data":317}, "model": "item/auctions/ahswitch"},
      {"predicate": {"custom_model_data":318}, "model": "item/auctions/auction_view_admin"},
      {"predicate": {"custom_model_data":319}, "model": "item/auctions/auction_view_bid_history"},
      {"predicate": {"custom_model_data":320}, "model": "item/auctions/auction_view_end"},
      {"predicate": {"custom_model_data":321}, "model": "item/auctions/auction_view_bid"}
    ]
}