{

    "nationlife.refresh":{"sounds":["refresh"],"category":"record"},
    "nationlife.gui_click_general":{"sounds":["gui_click_general"],"category":"record"},
    "nationlife.gui_click_success":{"sounds":["gui_click_success"],"category":"record"},
    "nationlife.error_general":{"sounds":["error_general"],"category":"record"},
    "nationlife.mentioned_sound":{"sounds":["mentioned_sound"],"category":"record"},
    "nationlife.level-up":{"sounds":["level-up"],"category":"record"},
    "nationlife.notification_general":{"sounds":["notification_general"],"category":"record"},
    "nationlife.welcome":{"sounds":["welcome"],"category":"record"}
}