{
    "sources": [
      {
        "type": "single",
        "resource": "minecraft:required/ui/menu_items_gems",
        "sprite": "minecraft:required/ui/menu_items_gems"
      },
      {
        "type": "single",
        "resource": "minecraft:required/ui/menu_items",
        "sprite": "minecraft:required/ui/menu_items"
      },
      {
        "type": "single",
        "resource": "minecraft:required/ui/menu_banner",
        "sprite": "minecraft:required/ui/menu_banner"
      },
      {
        "type": "single",
        "resource": "minecraft:required/recipe_showcase",
        "sprite": "minecraft:required/recipe_showcase"
      },
      {
        "type": "single",
        "resource": "minecraft:required/particle",
        "sprite": "minecraft:required/particle"
      },
      {
        "type": "single",
        "resource": "minecraft:required/logo",
        "sprite": "minecraft:required/logo"
      },
      {
        "type": "single",
        "resource": "minecraft:required/ascii_offset",
        "sprite": "minecraft:required/ascii_offset"
      },
      {
        "type": "single",
        "resource": "minecraft:required/arrow_previous_icon",
        "sprite": "minecraft:required/arrow_previous_icon"
      },
      {
        "type": "single",
        "resource": "minecraft:required/arrow_next_icon",
        "sprite": "minecraft:required/arrow_next_icon"
      },
      {
        "type": "single",
        "resource": "minecraft:party/buttons/items/send",
        "sprite": "minecraft:party/buttons/items/send"
      },
      {
        "type": "single",
        "resource": "minecraft:party/buttons/items/jump",
        "sprite": "minecraft:party/buttons/items/jump"
      },
      {
        "type": "single",
        "resource": "minecraft:party/buttons/items/invite",
        "sprite": "minecraft:party/buttons/items/invite"
      },
      {
        "type": "single",
        "resource": "minecraft:party/buttons/items/deny",
        "sprite": "minecraft:party/buttons/items/deny"
      },
      {
        "type": "single",
        "resource": "minecraft:party/buttons/items/accept",
        "sprite": "minecraft:party/buttons/items/accept"
      },
      {
        "type": "single",
        "resource": "minecraft:party/buttons/generated/toggle_on",
        "sprite": "minecraft:party/buttons/generated/toggle_on"
      },
      {
        "type": "single",
        "resource": "minecraft:party/buttons/generated/toggle_off",
        "sprite": "minecraft:party/buttons/generated/toggle_off"
      },
      {
        "type": "single",
        "resource": "minecraft:party/buttons/generated/settings",
        "sprite": "minecraft:party/buttons/generated/settings"
      },
      {
        "type": "single",
        "resource": "minecraft:party/buttons/generated/notify",
        "sprite": "minecraft:party/buttons/generated/notify"
      },
      {
        "type": "single",
        "resource": "minecraft:party/buttons/generated/no_notify",
        "sprite": "minecraft:party/buttons/generated/no_notify"
      },	
      {
        "type": "single",
        "resource": "minecraft:party/buttons/generated/like",
        "sprite": "minecraft:party/buttons/generated/like"
      },	
      {
        "type": "single",
        "resource": "minecraft:party/buttons/generated/no_like",
        "sprite": "minecraft:party/buttons/generated/no_like"
      },
      {
        "type": "single",
        "resource": "minecraft:party/buttons/generated/confirm",
        "sprite": "minecraft:party/buttons/generated/confirm"
      },
      {
        "type": "single",
        "resource": "minecraft:party/buttons/generated/cancel",
        "sprite": "minecraft:party/buttons/generated/cancel"
      },
      {
        "type": "single",
        "resource": "minecraft:party/buttons/generated/arrow_right",
        "sprite": "minecraft:party/buttons/generated/arrow_right"
      },
      {
        "type": "single",
        "resource": "minecraft:party/buttons/generated/arrow_left",
        "sprite": "minecraft:party/buttons/generated/arrow_left"
      },
      {
        "type": "single",
        "resource": "minecraft:party/buttons/generated/sort",
        "sprite": "minecraft:party/buttons/generated/sort"
      }
    ]
  }