{
    "providers": [

		{"type": "bitmap","file": "font/other/logo.png","ascent": 12, "height": 32, "chars": [""]},
		{"type": "bitmap","file": "font/other/title.png","ascent": 0, "height": 32, "chars": [""]},
        {"type": "bitmap","file": "font/other/space.png","ascent": -32768,"height": -3,"chars": ["⻔"]},
		{"type": "bitmap","file": "font/other/space_split.png","ascent": 1,"height": 100,"chars": [""]},

		{"type": "bitmap","file": "font/ui/statistics.png","ascent":19,"height":256,"chars":[""]},
		{"type": "bitmap","file": "font/ui/confirm.png","ascent": 19,"height": 256,"chars": [""]},
		{"type": "bitmap","file": "font/ui/profilemenu.png","ascent": 19,"height": 256,"chars": [""]},
		{"type": "bitmap","file": "font/ui/managenation.png","ascent": 19,"height": 256,"chars": [""]},
		{"type": "bitmap","file": "font/ui/nationchunks.png","ascent": 19,"height": 256,"chars": [""]},
		{"type": "bitmap","file": "font/ui/settings.png","ascent": 19,"height": 256,"chars": [""]},
		{"type": "bitmap","file": "font/ui/nationflags.png","ascent": 19,"height": 256,"chars": [""]},
		{"type": "bitmap","file": "font/ui/homes.png","ascent": 19,"height": 256,"chars": [""]},
		{"type": "bitmap","file": "font/ui/tags.png","ascent": 19,"height": 256,"chars": [""]},

		{"type": "bitmap","file": "font/ui/survival_menu.png","ascent": 55,"height": 60,"chars": [""]},

		{"type": "bitmap","file": "font/ui/guide/guide.png","ascent":19,"height":256,"chars":[""]},
		{"type": "bitmap","file": "font/ui/guide/guide2.png","ascent":19,"height":256,"chars":[""]},

		{"type": "bitmap","file": "font/ui/roles/editrole.png","ascent":19,"height":256,"chars":[""]},
		{"type": "bitmap","file": "font/ui/roles/editdefault.png","ascent":19,"height":256,"chars":[""]},
		{"type": "bitmap","file": "font/ui/roles/manageroles.png","ascent":19,"height":256,"chars":[""]},

		{"type": "bitmap","file": "font/bottlefull.png","ascent": -15,"height": 9,"chars": ["\uE100"]},
		{"type": "bitmap","file": "font/bottlelow.png","ascent": -15,"height": 9,"chars": ["\uE101"]},
		{"type": "bitmap","file": "font/bottlezero.png","ascent": -15,"height": 9,"chars": ["\uE102"]},

		{"type": "bitmap","file": "font/bottlefull.png","ascent": -5,"height": 9,"chars": ["\uE110"]},
		{"type": "bitmap","file": "font/bottlelow.png","ascent": -5,"height": 9,"chars": ["\uE111"]},
		{"type": "bitmap","file": "font/bottlezero.png","ascent": -5,"height": 9,"chars": ["\uE112"]},


		{"type":"bitmap","file":"font/upgrades/levellocked.png","ascent":8,"height":10,"chars":[""]},
		{"type":"bitmap","file":"font/upgrades/left_click_to_buy.png","ascent":25,"height":25,"chars":[""]},
		{"type":"bitmap","file":"font/upgrades/not_enough_money.png","ascent":25,"height":25,"chars":[""]},
		{"type":"bitmap","file":"font/upgrades/not_unlocked_yet.png","ascent":25,"height":25,"chars":[""]},
		{"type":"bitmap","file":"font/upgrades/already_bought.png","ascent":25,"height":25,"chars":[""]},


		{"type":"bitmap","file":"item/jobs/jobs.png","ascent":19,"height":256,"chars":[""]},
		{"type":"bitmap","file":"item/jobs/left_click_to_get_hired.png","ascent":24,"height":24,"chars":[""]},
		{"type":"bitmap","file":"item/jobs/right_click_for_payouts.png","ascent":24,"height":24,"chars":[""]},
		{"type":"bitmap","file":"item/jobs/left_click_to_leave_job.png","ascent":24,"height":24,"chars":[""]},
		{"type":"bitmap","file":"item/jobs/max_jobs.png","ascent":24,"height":24,"chars":[""]},
		


		{"type":"bitmap","file":"item/auctions/no_bids.png","ascent":24,"height":24,"chars":[""]},
		{"type":"bitmap","file":"item/auctions/click_to_become_rich.png","ascent":24,"height":24,"chars":[""]},
		{"type":"bitmap","file":"item/auctions/click_to_manage.png","ascent":24,"height":24,"chars":[""]},
		{"type":"bitmap","file":"item/auctions/click_to_browse.png","ascent":24,"height":24,"chars":[""]},
		{"type":"bitmap","file":"item/auctions/click_to_view_items.png","ascent":24,"height":24,"chars":[""]},
		{"type":"bitmap","file":"item/auctions/click_to_search.png","ascent":24,"height":24,"chars":[""]},
		{"type":"bitmap","file":"item/auctions/click_to_switch.png","ascent":24,"height":24,"chars":[""]},
		{"type":"bitmap","file":"item/auctions/currently_browsing.png","ascent":24,"height":24,"chars":[""]},
		{"type":"bitmap","file":"item/auctions/click_to_submit.png","ascent":24,"height":24,"chars":[""]},
		{"type":"bitmap","file":"item/auctions/click_to_edit.png","ascent":24,"height":24,"chars":[""]},
		{"type":"bitmap","file":"item/auctions/no_item_selected.png","ascent":24,"height":24,"chars":[""]},
		{"type":"bitmap","file":"item/auctions/click_to_pickup.png","ascent":24,"height":24,"chars":[""]},
		{"type":"bitmap","file":"item/auctions/click_to_inspect.png","ascent":24,"height":24,"chars":[""]},
		{"type":"bitmap","file":"item/auctions/click_to_bid.png","ascent":24,"height":24,"chars":[""]},
		{"type":"bitmap","file":"item/auctions/click_to_end_auction.png","ascent":24,"height":24,"chars":[""]},
		{"type":"bitmap","file":"item/auctions/click_glass.png","ascent":100,"height":110,"chars":[""]},
		{"type":"bitmap","file":"item/auctions/click_to_buy.png","ascent":24,"height":24,"chars":[""]},
		{"type":"bitmap","file":"item/auctions/auctionbrowser.png","ascent":19,"height":256,"chars":[""]},
		{"type":"bitmap","file":"item/auctions/auction_menu.png","ascent":19,"height":256,"chars":[""]},
		{"type":"bitmap","file":"item/auctions/auction_creator.png","ascent":19,"height":256,"chars":[""]},
		{"type":"bitmap","file":"item/auctions/auctioncreator_confirm.png","ascent":19,"height":256,"chars":[""]},
		{"type":"bitmap","file":"item/auctions/auction_view.png","ascent":19,"height":256,"chars":[""]},

		
		{"type": "bitmap","file": "font/emojis/clown.png","ascent": 8,"height": 8,"chars": [""]},
		{"type": "bitmap","file": "font/emojis/dead.png","ascent": 8,"height": 8,"chars": [""]},
		{"type": "bitmap","file": "font/emojis/eyes.png","ascent": 8,"height": 8,"chars": [""]},
		{"type": "bitmap","file": "font/emojis/flushed.png","ascent": 8,"height": 8,"chars": [""]},
		{"type": "bitmap","file": "font/emojis/forme.png","ascent": 8,"height": 8,"chars": [""]},
		{"type": "bitmap","file": "font/emojis/hearteyes.png","ascent": 8,"height": 8,"chars": [""]},
		{"type": "bitmap","file": "font/emojis/laugh.png","ascent": 8,"height": 8,"chars": [""]},
		{"type": "bitmap","file": "font/emojis/look.png","ascent": 8,"height": 8,"chars": [""]},
		{"type": "bitmap","file": "font/emojis/money.png","ascent": 8,"height": 8,"chars": [""]},
		{"type": "bitmap","file": "font/emojis/ohyeah.png","ascent": 8,"height": 8,"chars": [""]},
		{"type": "bitmap","file": "font/emojis/party.png","ascent": 8,"height": 8,"chars": [""]},
		{"type": "bitmap","file": "font/emojis/shock.png","ascent": 8,"height": 8,"chars": [""]},
		{"type": "bitmap","file": "font/emojis/sick.png","ascent": 8,"height": 8,"chars": [""]},
		{"type": "bitmap","file": "font/emojis/thumbsup.png","ascent": 8,"height": 8,"chars": [""]},
		{"type": "bitmap","file": "font/emojis/thumbsdown.png","ascent": 8,"height": 8,"chars": [""]},
		{"type": "bitmap","file": "font/emojis/unamused.png","ascent": 8,"height": 8,"chars": [""]},
		{"type": "bitmap","file": "font/emojis/sunglasses.png","ascent": 8,"height": 8,"chars": [""]},


        {"type": "bitmap","file": "font/icons/50.png","ascent": 8,"height": 9,"chars": ["頹"]},
        {"type": "bitmap","file": "font/icons/45.png","ascent": 8,"height": 9,"chars": ["浳"]},
        {"type": "bitmap","file": "font/icons/30.png","ascent": 8,"height": 9,"chars": ["浤"]},


		{"type": "bitmap","file": "font/icons/155.png","ascent": 8,"height": 9,"chars": ["搰"]},


		{"type": "bitmap","file": "font/overlays/overlay1.png","ascent":128,"height":128,"chars":[""]},
		{"type": "bitmap","file": "font/overlays/overlay2.png","ascent":128,"height":128,"chars":[""]},
		{"type": "bitmap","file": "font/overlays/overlay3.png","ascent":128,"height":128,"chars":[""]},
		{"type": "bitmap","file": "font/overlays/overlay4.png","ascent":128,"height":128,"chars":[""]},
		{"type": "bitmap","file": "font/overlays/overlay5.png","ascent":128,"height":128,"chars":[""]},
		{"type": "bitmap","file": "font/overlays/overlay6.png","ascent":128,"height":128,"chars":[""]},
		{"type": "bitmap","file": "font/overlays/overlay7.png","ascent":128,"height":128,"chars":[""]},
		{"type": "bitmap","file": "font/overlays/overlay8.png","ascent":128,"height":128,"chars":[""]},
		{"type": "bitmap","file": "font/overlays/overlay9.png","ascent":128,"height":128,"chars":[""]},
		{"type": "bitmap","file": "font/overlays/overlay10.png","ascent":128,"height":128,"chars":[""]},
		{"type": "bitmap","file": "font/overlays/overlay11.png","ascent":128,"height":128,"chars":[""]},
		{"type": "bitmap","file": "font/overlays/overlay12.png","ascent":128,"height":128,"chars":[""]},
		{"type": "bitmap","file": "font/overlays/overlay13.png","ascent":128,"height":128,"chars":[""]},
		{"type": "bitmap","file": "font/overlays/overlay14.png","ascent":128,"height":128,"chars":[""]},
		{"type": "bitmap","file": "font/overlays/overlay15.png","ascent":128,"height":128,"chars":[""]},
		{"type": "bitmap","file": "font/overlays/overlay16.png","ascent":128,"height":128,"chars":[""]},
		{"type": "bitmap","file": "font/overlays/overlay17.png","ascent":128,"height":128,"chars":[""]},
        {"type": "bitmap","file": "font/icons/1.png","ascent": 8,"height": 8,"chars": [""]},
		{"type": "bitmap","file": "font/icons/2.png","ascent": 8,"height": 8,"chars": [""]},
		{"type": "bitmap","file": "font/icons/3.png","ascent": 8,"height": 8,"chars": [""]},
		{"type": "bitmap","file": "font/icons/4.png","ascent": 8,"height": 8,"chars": [""]},
		{"type": "bitmap","file": "font/icons/5.png","ascent": 8,"height": 8,"chars": [""]},
		{"type": "bitmap","file": "font/icons/6.png","ascent": 8,"height": 8,"chars": [""]},
		{"type": "bitmap","file": "font/icons/7.png","ascent": 8,"height": 8,"chars": [""]},
		{"type": "bitmap","file": "font/icons/8.png","ascent": 8,"height": 8,"chars": [""]},
		{"type": "bitmap","file": "font/icons/9.png","ascent": 8,"height": 8,"chars": [""]},
		{"type": "bitmap","file": "font/icons/10.png","ascent": 8,"height": 8,"chars": [""]},
		{"type": "bitmap","file": "font/icons/11.png","ascent": 8,"height": 8,"chars": [""]},
		{"type": "bitmap","file": "font/icons/12.png","ascent": 8,"height": 8,"chars": [""]},
		{"type": "bitmap","file": "font/icons/13.png","ascent": 8,"height": 8,"chars": [""]},
		{"type": "bitmap","file": "font/icons/14.png","ascent": 8,"height": 8,"chars": [""]},
		{"type": "bitmap","file": "font/icons/15.png","ascent": 8,"height": 8,"chars": [""]},
		{"type": "bitmap","file": "font/icons/16.png","ascent": 8,"height": 8,"chars": [""]},
		{"type": "bitmap","file": "font/icons/17.png","ascent": 8,"height": 8,"chars": [""]},
		{"type": "bitmap","file": "font/icons/18.png","ascent": 8,"height": 8,"chars": [""]},
		{"type": "bitmap","file": "font/icons/19.png","ascent": 8,"height": 8,"chars": [""]},
		{"type": "bitmap","file": "font/icons/20.png","ascent": 8,"height": 8,"chars": [""]},
		{"type": "bitmap","file": "font/icons/21.png","ascent": 8,"height": 8,"chars": [""]},
		{"type": "bitmap","file": "font/icons/22.png","ascent": 8,"height": 8,"chars": [""]},
		{"type": "bitmap","file": "font/icons/23.png","ascent": 8,"height": 8,"chars": [""]},
		{"type": "bitmap","file": "font/icons/24.png","ascent": 8,"height": 8,"chars": [""]},
		{"type": "bitmap","file": "font/icons/25.png","ascent": 8,"height": 8,"chars": [""]},
		{"type": "bitmap","file": "font/icons/26.png","ascent": 8,"height": 8,"chars": [""]},
		{"type": "bitmap","file": "font/icons/27.png","ascent": 8,"height": 8,"chars": [""]},
		{"type": "bitmap","file": "font/icons/28.png","ascent": 8,"height": 8,"chars": [""]},
		{"type": "bitmap","file": "font/icons/29.png","ascent": 8,"height": 8,"chars": [""]},
		{"type": "bitmap","file": "font/icons/30.png","ascent": 8,"height": 8,"chars": [""]},
		{"type": "bitmap","file": "font/icons/31.png","ascent": 8,"height": 8,"chars": [""]},
		{"type": "bitmap","file": "font/icons/32.png","ascent": 8,"height": 8,"chars": [""]},
		{"type": "bitmap","file": "font/icons/33.png","ascent": 8,"height": 8,"chars": [""]},
		{"type": "bitmap","file": "font/icons/34.png","ascent": 8,"height": 8,"chars": [""]},
		{"type": "bitmap","file": "font/icons/35.png","ascent": 8,"height": 8,"chars": [""]},
        {"type": "bitmap","file": "font/icons/36.png","ascent": 8,"height": 8,"chars": [""]},
		{"type": "bitmap","file": "font/icons/37.png","ascent": 8,"height": 8,"chars": [""]},
		{"type": "bitmap","file": "font/icons/38.png","ascent": 8,"height": 8,"chars": [""]},
		{"type": "bitmap","file": "font/icons/39.png","ascent": 8,"height": 8,"chars": [""]},
		{"type": "bitmap","file": "font/icons/40.png","ascent": 8,"height": 8,"chars": [""]},
		{"type": "bitmap","file": "font/icons/41.png","ascent": 8,"height": 8,"chars": [""]},
		{"type": "bitmap","file": "font/icons/42.png","ascent": 8,"height": 8,"chars": [""]},
		{"type": "bitmap","file": "font/icons/43.png","ascent": 8,"height": 8,"chars": [""]},
		{"type": "bitmap","file": "font/icons/44.png","ascent": 8,"height": 8,"chars": [""]},
		{"type": "bitmap","file": "font/icons/45.png","ascent": 8,"height": 8,"chars": [""]},
		{"type": "bitmap","file": "font/icons/46.png","ascent": 8,"height": 8,"chars": [""]},
		{"type": "bitmap","file": "font/icons/47.png","ascent": 8,"height": 8,"chars": [""]},
		{"type": "bitmap","file": "font/icons/48.png","ascent": 8,"height": 8,"chars": [""]},
		{"type": "bitmap","file": "font/icons/49.png","ascent": 8,"height": 8,"chars": [""]},
		{"type": "bitmap","file": "font/icons/50.png","ascent": 8,"height": 8,"chars": [""]},
		{"type": "bitmap","file": "font/icons/51.png","ascent": 8,"height": 8,"chars": [""]},
		{"type": "bitmap","file": "font/icons/52.png","ascent": 8,"height": 8,"chars": [""]},
		{"type": "bitmap","file": "font/icons/53.png","ascent": 8,"height": 8,"chars": [""]},
		{"type": "bitmap","file": "font/icons/54.png","ascent": 8,"height": 8,"chars": [""]},
		{"type": "bitmap","file": "font/icons/55.png","ascent": 8,"height": 8,"chars": [""]},
		{"type": "bitmap","file": "font/icons/56.png","ascent": 8,"height": 8,"chars": [""]},
		{"type": "bitmap","file": "font/icons/57.png","ascent": 8,"height": 8,"chars": [""]},
		{"type": "bitmap","file": "font/icons/58.png","ascent": 8,"height": 8,"chars": [""]},
		{"type": "bitmap","file": "font/icons/59.png","ascent": 8,"height": 8,"chars": [""]},
		{"type": "bitmap","file": "font/icons/60.png","ascent": 8,"height": 8,"chars": [""]},
		{"type": "bitmap","file": "font/icons/61.png","ascent": 8,"height": 8,"chars": [""]},
		{"type": "bitmap","file": "font/icons/62.png","ascent": 8,"height": 8,"chars": [""]},
		{"type": "bitmap","file": "font/icons/63.png","ascent": 8,"height": 8,"chars": [""]},
		{"type": "bitmap","file": "font/icons/64.png","ascent": 8,"height": 8,"chars": [""]},
		{"type": "bitmap","file": "font/icons/65.png","ascent": 8,"height": 8,"chars": [""]},
		{"type": "bitmap","file": "font/icons/66.png","ascent": 8,"height": 8,"chars": [""]},
		{"type": "bitmap","file": "font/icons/67.png","ascent": 8,"height": 8,"chars": [""]},
		{"type": "bitmap","file": "font/icons/68.png","ascent": 8,"height": 8,"chars": [""]},
		{"type": "bitmap","file": "font/icons/69.png","ascent": 8,"height": 8,"chars": [""]},
		{"type": "bitmap","file": "font/icons/70.png","ascent": 8,"height": 8,"chars": [""]},
		{"type": "bitmap","file": "font/icons/71.png","ascent": 8,"height": 8,"chars": [""]},
		{"type": "bitmap","file": "font/icons/72.png","ascent": 8,"height": 8,"chars": [""]},
		{"type": "bitmap","file": "font/icons/73.png","ascent": 8,"height": 8,"chars": [""]},
		{"type": "bitmap","file": "font/icons/74.png","ascent": 8,"height": 8,"chars": [""]},
		{"type": "bitmap","file": "font/icons/75.png","ascent": 8,"height": 8,"chars": [""]},
		{"type": "bitmap","file": "font/icons/76.png","ascent": 8,"height": 8,"chars": [""]},
		{"type": "bitmap","file": "font/icons/77.png","ascent": 8,"height": 8,"chars": [""]},
		{"type": "bitmap","file": "font/icons/78.png","ascent": 8,"height": 8,"chars": [""]},
		{"type": "bitmap","file": "font/icons/79.png","ascent": 8,"height": 8,"chars": [""]},
		{"type": "bitmap","file": "font/icons/80.png","ascent": 8,"height": 8,"chars": [""]},
		{"type": "bitmap","file": "font/icons/81.png","ascent": 8,"height": 8,"chars": [""]},
		{"type": "bitmap","file": "font/icons/82.png","ascent": 8,"height": 8,"chars": [""]},
		{"type": "bitmap","file": "font/icons/83.png","ascent": 8,"height": 8,"chars": [""]},
		{"type": "bitmap","file": "font/icons/84.png","ascent": 8,"height": 8,"chars": [""]},
		{"type": "bitmap","file": "font/icons/85.png","ascent": 8,"height": 8,"chars": [""]},
		{"type": "bitmap","file": "font/icons/86.png","ascent": 8,"height": 8,"chars": [""]},
		{"type": "bitmap","file": "font/icons/87.png","ascent": 8,"height": 8,"chars": [""]},
		{"type": "bitmap","file": "font/icons/88.png","ascent": 8,"height": 8,"chars": [""]},
		{"type": "bitmap","file": "font/icons/89.png","ascent": 8,"height": 8,"chars": [""]},
		{"type": "bitmap","file": "font/icons/90.png","ascent": 8,"height": 8,"chars": [""]},
		{"type": "bitmap","file": "font/icons/91.png","ascent": 8,"height": 8,"chars": [""]},
		{"type": "bitmap","file": "font/icons/92.png","ascent": 8,"height": 8,"chars": [""]},
		{"type": "bitmap","file": "font/icons/93.png","ascent": 8,"height": 8,"chars": [""]},
		{"type": "bitmap","file": "font/icons/94.png","ascent": 8,"height": 8,"chars": [""]},
		{"type": "bitmap","file": "font/icons/95.png","ascent": 8,"height": 8,"chars": [""]},
		{"type": "bitmap","file": "font/icons/96.png","ascent": 8,"height": 8,"chars": [""]},
		{"type": "bitmap","file": "font/icons/97.png","ascent": 8,"height": 8,"chars": [""]},
		{"type": "bitmap","file": "font/icons/98.png","ascent": 8,"height": 8,"chars": [""]},
		{"type": "bitmap","file": "font/icons/99.png","ascent": 8,"height": 8,"chars": [""]},
		{"type": "bitmap","file": "font/icons/100.png","ascent": 8,"height": 8,"chars": [""]},
		{"type": "bitmap","file": "font/icons/101.png","ascent": 8,"height": 8,"chars": [""]},
		{"type": "bitmap","file": "font/icons/102.png","ascent": 8,"height": 8,"chars": [""]},
		{"type": "bitmap","file": "font/icons/103.png","ascent": 8,"height": 8,"chars": [""]},
		{"type": "bitmap","file": "font/icons/104.png","ascent": 8,"height": 8,"chars": [""]},
		{"type": "bitmap","file": "font/icons/105.png","ascent": 8,"height": 8,"chars": [""]},
		{"type": "bitmap","file": "font/icons/106.png","ascent": 8,"height": 8,"chars": [""]},
		{"type": "bitmap","file": "font/icons/107.png","ascent": 8,"height": 8,"chars": [""]},
		{"type": "bitmap","file": "font/icons/108.png","ascent": 8,"height": 8,"chars": [""]},
		{"type": "bitmap","file": "font/icons/109.png","ascent": 8,"height": 8,"chars": [""]},
		{"type": "bitmap","file": "font/icons/110.png","ascent": 8,"height": 8,"chars": [""]},
		{"type": "bitmap","file": "font/icons/111.png","ascent": 8,"height": 8,"chars": [""]},
		{"type": "bitmap","file": "font/icons/112.png","ascent": 8,"height": 8,"chars": [""]},
		{"type": "bitmap","file": "font/icons/113.png","ascent": 8,"height": 8,"chars": [""]},
		{"type": "bitmap","file": "font/icons/114.png","ascent": 8,"height": 8,"chars": [""]},
		{"type": "bitmap","file": "font/icons/115.png","ascent": 8,"height": 8,"chars": [""]},
		{"type": "bitmap","file": "font/icons/116.png","ascent": 8,"height": 8,"chars": [""]},
		{"type": "bitmap","file": "font/icons/117.png","ascent": 8,"height": 8,"chars": [""]},
		{"type": "bitmap","file": "font/icons/118.png","ascent": 8,"height": 8,"chars": [""]},
		{"type": "bitmap","file": "font/icons/119.png","ascent": 8,"height": 8,"chars": [""]},
		{"type": "bitmap","file": "font/icons/120.png","ascent": 8,"height": 8,"chars": [""]},
		{"type": "bitmap","file": "font/icons/121.png","ascent": 8,"height": 8,"chars": [""]},
		{"type": "bitmap","file": "font/icons/122.png","ascent": 8,"height": 8,"chars": [""]},
		{"type": "bitmap","file": "font/icons/123.png","ascent": 8,"height": 8,"chars": [""]},
		{"type": "bitmap","file": "font/icons/124.png","ascent": 8,"height": 8,"chars": [""]},
		{"type": "bitmap","file": "font/icons/125.png","ascent": 8,"height": 8,"chars": [""]},
		{"type": "bitmap","file": "font/icons/126.png","ascent": 8,"height": 8,"chars": [""]},
		{"type": "bitmap","file": "font/icons/127.png","ascent": 8,"height": 8,"chars": [""]},
		{"type": "bitmap","file": "font/icons/128.png","ascent": 8,"height": 8,"chars": [""]},
		{"type": "bitmap","file": "font/icons/129.png","ascent": 8,"height": 8,"chars": [""]},
		{"type": "bitmap","file": "font/icons/130.png","ascent": 8,"height": 8,"chars": [""]},
		{"type": "bitmap","file": "font/icons/131.png","ascent": 8,"height": 8,"chars": [""]},
		{"type": "bitmap","file": "font/icons/132.png","ascent": 8,"height": 8,"chars": [""]},
		{"type": "bitmap","file": "font/icons/133.png","ascent": 8,"height": 8,"chars": [""]},
		{"type": "bitmap","file": "font/icons/134.png","ascent": 8,"height": 8,"chars": [""]},
		{"type": "bitmap","file": "font/icons/135.png","ascent": 8,"height": 8,"chars": [""]},
		{"type": "bitmap","file": "font/icons/136.png","ascent": 8,"height": 8,"chars": [""]},
		{"type": "bitmap","file": "font/icons/137.png","ascent": 8,"height": 8,"chars": [""]},
		{"type": "bitmap","file": "font/icons/138.png","ascent": 8,"height": 8,"chars": [""]},
		{"type": "bitmap","file": "font/icons/139.png","ascent": 8,"height": 8,"chars": [""]},
		{"type": "bitmap","file": "font/icons/140.png","ascent": 8,"height": 8,"chars": [""]},
		{"type": "bitmap","file": "font/icons/141.png","ascent": 8,"height": 8,"chars": [""]},
		{"type": "bitmap","file": "font/icons/142.png","ascent": 8,"height": 8,"chars": [""]},
		{"type": "bitmap","file": "font/icons/143.png","ascent": 8,"height": 8,"chars": [""]},
		{"type": "bitmap","file": "font/icons/144.png","ascent": 8,"height": 8,"chars": [""]},
		{"type": "bitmap","file": "font/icons/145.png","ascent": 8,"height": 8,"chars": [""]},
		{"type": "bitmap","file": "font/icons/146.png","ascent": 8,"height": 8,"chars": [""]},
		{"type": "bitmap","file": "font/icons/147.png","ascent": 8,"height": 8,"chars": [""]},
		{"type": "bitmap","file": "font/icons/148.png","ascent": 8,"height": 8,"chars": [""]},
		{"type": "bitmap","file": "font/icons/149.png","ascent": 8,"height": 8,"chars": [""]},
		{"type": "bitmap","file": "font/icons/150.png","ascent": 8,"height": 8,"chars": [""]},
		{"type": "bitmap","file": "font/icons/151.png","ascent": 8,"height": 8,"chars": [""]},
		{"type": "bitmap","file": "font/icons/152.png","ascent": 8,"height": 8,"chars": [""]},
		{"type": "bitmap","file": "font/icons/153.png","ascent": 8,"height": 8,"chars": [""]},
		{"type": "bitmap","file": "font/icons/154.png","ascent": 8,"height": 8,"chars": [""]},
		{"type": "bitmap","file": "font/icons/155.png","ascent": 8,"height": 8,"chars": [""]},
		{"type": "bitmap","file": "font/icons/156.png","ascent": 8,"height": 8,"chars": [""]},
		{"type": "bitmap","file": "font/icons/157.png","ascent": 8,"height": 8,"chars": [""]},
		{"type": "bitmap","file": "font/icons/158.png","ascent": 8,"height": 8,"chars": [""]},
		{"type": "bitmap","file": "font/icons/159.png","ascent": 8,"height": 8,"chars": [""]},
		{"type": "bitmap","file": "font/icons/160.png","ascent": 8,"height": 8,"chars": [""]},
		{"type": "bitmap","file": "font/icons/161.png","ascent": 8,"height": 8,"chars": [""]},
		{"type": "bitmap","file": "font/icons/162.png","ascent": 8,"height": 8,"chars": [""]},
		{"type": "bitmap","file": "font/icons/163.png","ascent": 8,"height": 8,"chars": [""]},
		{"type": "bitmap","file": "font/icons/164.png","ascent": 8,"height": 8,"chars": [""]},
		{"type": "bitmap","file": "font/icons/165.png","ascent": 8,"height": 8,"chars": [""]},
		{"type": "bitmap","file": "font/icons/166.png","ascent": 8,"height": 8,"chars": [""]},
		{"type": "bitmap","file": "font/icons/167.png","ascent": 8,"height": 8,"chars": [""]},
		{"type": "bitmap","file": "font/icons/168.png","ascent": 8,"height": 8,"chars": [""]},
		{"type": "bitmap","file": "font/icons/169.png","ascent": 8,"height": 8,"chars": [""]},
		{"type": "bitmap","file": "font/icons/170.png","ascent": 8,"height": 8,"chars": [""]},
		{"type": "bitmap","file": "font/icons/171.png","ascent": 8,"height": 8,"chars": [""]},
		{"type": "bitmap","file": "font/icons/172.png","ascent": 8,"height": 8,"chars": [""]},
		{"type": "bitmap","file": "font/icons/173.png","ascent": 8,"height": 8,"chars": [""]},
		{"type": "bitmap","file": "font/icons/174.png","ascent": 8,"height": 8,"chars": [""]},
		{"type": "bitmap","file": "font/icons/175.png","ascent": 8,"height": 8,"chars": [""]},
		{"type": "bitmap","file": "font/icons/176.png","ascent": 8,"height": 8,"chars": [""]},
		{"type": "bitmap","file": "font/icons/177.png","ascent": 8,"height": 8,"chars": [""]},
		{"type": "bitmap","file": "font/icons/178.png","ascent": 8,"height": 8,"chars": [""]},
		{"type": "bitmap","file": "font/icons/179.png","ascent": 8,"height": 8,"chars": [""]},
		{"type": "bitmap","file": "font/icons/180.png","ascent": 8,"height": 8,"chars": [""]},
		{"type": "bitmap","file": "font/icons/181.png","ascent": 8,"height": 8,"chars": [""]},
		{"type": "bitmap","file": "font/icons/182.png","ascent": 8,"height": 8,"chars": [""]},
		{"type": "bitmap","file": "font/icons/183.png","ascent": 8,"height": 8,"chars": [""]},
		{"type": "bitmap","file": "font/icons/184.png","ascent": 8,"height": 8,"chars": [""]},
		{"type": "bitmap","file": "font/icons/185.png","ascent": 8,"height": 8,"chars": [""]},
		{"type": "bitmap","file": "font/icons/186.png","ascent": 8,"height": 8,"chars": [""]},
		{"type": "bitmap","file": "font/icons/187.png","ascent": 8,"height": 8,"chars": [""]},
		{"type": "bitmap","file": "font/icons/188.png","ascent": 8,"height": 8,"chars": [""]},
		{"type": "bitmap","file": "font/icons/189.png","ascent": 8,"height": 8,"chars": [""]},
		{"type": "bitmap","file": "font/icons/190.png","ascent": 8,"height": 8,"chars": [""]},
		{"type": "bitmap","file": "font/icons/191.png","ascent": 8,"height": 8,"chars": [""]},
		{"type": "bitmap","file": "font/icons/192.png","ascent": 8,"height": 8,"chars": [""]},
		{"type": "bitmap","file": "font/icons/193.png","ascent": 8,"height": 8,"chars": [""]},
		{"type": "bitmap","file": "font/icons/194.png","ascent": 8,"height": 8,"chars": [""]},
		{"type": "bitmap","file": "font/icons/195.png","ascent": 8,"height": 8,"chars": [""]},
		{"type": "bitmap","file": "font/icons/196.png","ascent": 8,"height": 8,"chars": [""]},
		{"type": "bitmap","file": "font/icons/197.png","ascent": 8,"height": 8,"chars": [""]},
		{"type": "bitmap","file": "font/icons/198.png","ascent": 8,"height": 8,"chars": [""]},
		{"type": "bitmap","file": "font/icons/199.png","ascent": 8,"height": 8,"chars": [""]},
		{"type": "bitmap","file": "font/icons/200.png","ascent": 8,"height": 8,"chars": [""]},
		{"type": "bitmap","file": "font/icons/201.png","ascent": 8,"height": 8,"chars": [""]},
		{"type": "bitmap","file": "font/icons/202.png","ascent": 8,"height": 8,"chars": [""]},
		{"type": "bitmap","file": "font/icons/203.png","ascent": 8,"height": 8,"chars": [""]},
		{"type": "bitmap","file": "font/icons/204.png","ascent": 8,"height": 8,"chars": [""]},
		{"type": "bitmap","file": "font/icons/205.png","ascent": 8,"height": 8,"chars": [""]},
		{"type": "bitmap","file": "font/icons/206.png","ascent": 8,"height": 8,"chars": [""]},
		{"type": "bitmap","file": "font/icons/207.png","ascent": 8,"height": 8,"chars": [""]},
		{"type": "bitmap","file": "font/icons/208.png","ascent": 8,"height": 8,"chars": [""]},
		{"type": "bitmap","file": "font/icons/209.png","ascent": 8,"height": 8,"chars": [""]},
		{"type": "bitmap","file": "font/icons/210.png","ascent": 8,"height": 8,"chars": [""]},
		{"type": "bitmap","file": "font/icons/211.png","ascent": 8,"height": 8,"chars": [""]},
		{"type": "bitmap","file": "font/icons/212.png","ascent": 8,"height": 8,"chars": [""]},
		{"type": "bitmap","file": "font/icons/213.png","ascent": 8,"height": 8,"chars": [""]},
		{"type": "bitmap","file": "font/icons/214.png","ascent": 8,"height": 8,"chars": [""]},
		{"type": "bitmap","file": "font/icons/215.png","ascent": 8,"height": 8,"chars": [""]},
		{"type": "bitmap","file": "font/icons/216.png","ascent": 8,"height": 8,"chars": [""]},
		{"type": "bitmap","file": "font/icons/217.png","ascent": 8,"height": 8,"chars": [""]},
		{"type": "bitmap","file": "font/icons/218.png","ascent": 8,"height": 8,"chars": [""]},
		{"type": "bitmap","file": "font/icons/219.png","ascent": 8,"height": 8,"chars": [""]},
		{"type": "bitmap","file": "font/icons/220.png","ascent": 8,"height": 8,"chars": [""]},
		{"type": "bitmap","file": "font/icons/221.png","ascent": 8,"height": 8,"chars": [""]},
		{"type": "bitmap","file": "font/icons/222.png","ascent": 8,"height": 8,"chars": [""]},
		{"type": "bitmap","file": "font/icons/223.png","ascent": 8,"height": 8,"chars": [""]},
		{"type": "bitmap","file": "font/icons/224.png","ascent": 8,"height": 8,"chars": [""]},
		{"type": "bitmap","file": "font/icons/225.png","ascent": 8,"height": 8,"chars": [""]},
		{"type": "bitmap","file": "font/icons/226.png","ascent": 8,"height": 8,"chars": [""]},
		{"type": "bitmap","file": "font/icons/227.png","ascent": 8,"height": 8,"chars": [""]},
		{"type": "bitmap","file": "font/icons/228.png","ascent": 8,"height": 8,"chars": [""]},
		{"type": "bitmap","file": "font/icons/229.png","ascent": 8,"height": 8,"chars": [""]},
		{"type": "bitmap","file": "font/icons/230.png","ascent": 8,"height": 8,"chars": [""]},
		{"type": "bitmap","file": "font/icons/231.png","ascent": 8,"height": 8,"chars": [""]},
		{"type": "bitmap","file": "font/icons/232.png","ascent": 8,"height": 8,"chars": [""]},
		{"type": "bitmap","file": "font/icons/233.png","ascent": 8,"height": 8,"chars": [""]},
		{"type": "bitmap","file": "font/icons/234.png","ascent": 8,"height": 8,"chars": [""]},
		{"type": "bitmap","file": "font/icons/235.png","ascent": 8,"height": 8,"chars": [""]},
		{"type": "bitmap","file": "font/icons/236.png","ascent": 8,"height": 8,"chars": [""]},
		{"type": "bitmap","file": "font/icons/237.png","ascent": 8,"height": 8,"chars": [""]},
		{"type": "bitmap","file": "font/icons/238.png","ascent": 8,"height": 8,"chars": [""]},
		{"type": "bitmap","file": "font/icons/239.png","ascent": 8,"height": 8,"chars": [""]},
		{"type": "bitmap","file": "font/icons/240.png","ascent": 8,"height": 8,"chars": [""]},
		{"type": "bitmap","file": "font/icons/241.png","ascent": 8,"height": 8,"chars": [""]},
		{"type": "bitmap","file": "font/icons/242.png","ascent": 8,"height": 8,"chars": [""]},
		{"type": "bitmap","file": "font/icons/243.png","ascent": 8,"height": 8,"chars": [""]},
		{"type": "bitmap","file": "font/icons/244.png","ascent": 8,"height": 8,"chars": [""]},
		{"type": "bitmap","file": "font/icons/245.png","ascent": 8,"height": 8,"chars": [""]},
		{"type": "bitmap","file": "font/icons/246.png","ascent": 8,"height": 8,"chars": [""]},
		{"type": "bitmap","file": "font/icons/247.png","ascent": 8,"height": 8,"chars": [""]},
		{"type": "bitmap","file": "font/icons/248.png","ascent": 8,"height": 8,"chars": [""]},
		{"type": "bitmap","file": "font/icons/249.png","ascent": 8,"height": 8,"chars": [""]},
		{"type": "bitmap","file": "font/icons/250.png","ascent": 8,"height": 8,"chars": [""]},
		{"type": "bitmap","file": "font/icons/251.png","ascent": 8,"height": 8,"chars": [""]},
		{"type": "bitmap","file": "font/icons/252.png","ascent": 8,"height": 8,"chars": [""]},
		{"type": "bitmap","file": "font/icons/253.png","ascent": 8,"height": 8,"chars": [""]},
		{"type": "bitmap","file": "font/icons/254.png","ascent": 8,"height": 8,"chars": [""]},
		{"type": "bitmap","file": "font/icons/255.png","ascent": 8,"height": 8,"chars": [""]},
		{"type": "bitmap","file": "font/icons/256.png","ascent": 8,"height": 8,"chars": [""]},
		{"type": "bitmap","file": "font/icons/257.png","ascent": 8,"height": 8,"chars": [""]},
		{"type": "bitmap","file": "font/icons/258.png","ascent": 8,"height": 8,"chars": [""]},
		{"type": "bitmap","file": "font/icons/259.png","ascent": 8,"height": 8,"chars": [""]},
        {"type": "bitmap","file": "font/icons/261.png","ascent": 8,"height": 8,"chars": [""]},
		{"type": "bitmap","file": "font/icons/262.png","ascent": 8,"height": 8,"chars": [""]},
		{"type": "bitmap","file": "font/icons/263.png","ascent": 8,"height": 8,"chars": [""]},
		{"type": "bitmap","file": "font/icons/264.png","ascent": 8,"height": 8,"chars": [""]},
		{"type": "bitmap","file": "font/icons/265.png","ascent": 8,"height": 8,"chars": [""]},
		{"type": "bitmap","file": "font/icons/266.png","ascent": 8,"height": 8,"chars": [""]},
		{"type": "bitmap","file": "font/icons/267.png","ascent": 8,"height": 8,"chars": [""]},
		{"type": "bitmap","file": "font/icons/268.png","ascent": 8,"height": 8,"chars": [""]},
		{"type": "bitmap","file": "font/icons/269.png","ascent": 8,"height": 8,"chars": [""]},
		{"type": "bitmap","file": "font/icons/270.png","ascent": 8,"height": 8,"chars": [""]},
		{"type": "bitmap","file": "font/icons/271.png","ascent": 8,"height": 8,"chars": [""]},
		{"type": "bitmap","file": "font/icons/272.png","ascent": 8,"height": 8,"chars": [""]},
		{"type": "bitmap","file": "font/icons/273.png","ascent": 8,"height": 8,"chars": [""]},
		{"type": "bitmap","file": "font/icons/274.png","ascent": 8,"height": 8,"chars": [""]},
		{"type": "bitmap","file": "font/icons/275.png","ascent": 8,"height": 8,"chars": [""]},
		{"type": "bitmap","file": "font/icons/276.png","ascent": 8,"height": 8,"chars": [""]},
		{"type": "bitmap","file": "font/icons/277.png","ascent": 8,"height": 8,"chars": [""]},
		{"type": "bitmap","file": "font/icons/278.png","ascent": 8,"height": 8,"chars": [""]},
		{"type": "bitmap","file": "font/icons/279.png","ascent": 8,"height": 8,"chars": [""]},
		{"type": "bitmap","file": "font/icons/280.png","ascent": 8,"height": 8,"chars": [""]},
		{"type": "bitmap","file": "font/icons/281.png","ascent": 8,"height": 8,"chars": [""]},
		{"type": "bitmap","file": "font/icons/282.png","ascent": 8,"height": 8,"chars": [""]},
		{"type": "bitmap","file": "font/icons/283.png","ascent": 8,"height": 8,"chars": [""]},
		{"type": "bitmap","file": "font/icons/284.png","ascent": 8,"height": 8,"chars": [""]},
		{"type": "bitmap","file": "font/icons/285.png","ascent": 8,"height": 8,"chars": [""]},
		{"type": "bitmap","file": "font/icons/286.png","ascent": 8,"height": 8,"chars": [""]},
		{"type": "bitmap","file": "font/icons/287.png","ascent": 8,"height": 8,"chars": [""]},
		{"type": "bitmap","file": "font/icons/288.png","ascent": 8,"height": 8,"chars": [""]},
		{"type": "bitmap","file": "font/icons/289.png","ascent": 8,"height": 8,"chars": [""]},
		{"type": "bitmap","file": "font/icons/290.png","ascent": 8,"height": 8,"chars": [""]},
		{"type": "bitmap","file": "font/icons/291.png","ascent": 8,"height": 8,"chars": [""]},
		{"type": "bitmap","file": "font/icons/292.png","ascent": 8,"height": 8,"chars": [""]},
		{"type": "bitmap","file": "font/icons/293.png","ascent": 8,"height": 8,"chars": [""]},
		{"type": "bitmap","file": "font/icons/294.png","ascent": 8,"height": 8,"chars": [""]},
		{"type": "bitmap","file": "font/icons/295.png","ascent": 8,"height": 8,"chars": [""]},
		{"type": "bitmap","file": "font/icons/296.png","ascent": 8,"height": 8,"chars": [""]},
		{"type": "bitmap","file": "font/icons/297.png","ascent": 8,"height": 8,"chars": [""]},
		{"type": "bitmap","file": "font/icons/298.png","ascent": 8,"height": 8,"chars": [""]},
		{"type": "bitmap","file": "font/icons/299.png","ascent": 8,"height": 8,"chars": [""]},
		{"type": "bitmap","file": "font/icons/300.png","ascent": 8,"height": 8,"chars": [""]},
		{"type": "bitmap","file": "font/icons/301.png","ascent": 8,"height": 8,"chars": [""]},
		{"type": "bitmap","file": "font/icons/302.png","ascent": 8,"height": 8,"chars": [""]},
		{"type": "bitmap","file": "font/icons/303.png","ascent": 8,"height": 8,"chars": [""]},
		{"type": "bitmap","file": "font/icons/304.png","ascent": 8,"height": 8,"chars": [""]},
		{"type": "bitmap","file": "font/icons/305.png","ascent": 8,"height": 8,"chars": [""]},
		{"type": "bitmap","file": "font/icons/306.png","ascent": 8,"height": 8,"chars": [""]},
		{"type": "bitmap","file": "font/icons/307.png","ascent": 8,"height": 8,"chars": [""]},
		{"type": "bitmap","file": "font/icons/308.png","ascent": 8,"height": 8,"chars": [""]},
		{"type": "bitmap","file": "font/icons/309.png","ascent": 8,"height": 8,"chars": [""]}
		
    ]
}