{
	"providers": [

		{"type": "bitmap","file": "minecraft:misc/logo.png","ascent": 64, "height": 128, "chars": ["頹"]},

		{ "type": "bitmap", "file": "minecraft:misc/backdrop.png", "height": 1024, "ascent": 512, "chars": [ "󼱦" ] },
		{ "type": "bitmap", "file": "minecraft:misc/logo.png", "height": 32, "ascent": 16, "chars": [ "󼱧" ] },

		{"type": "bitmap","file": "customfont/lobby/navigator_title.png","ascent": 10, "height": 14, "chars": ["浤"]},
		{"type": "bitmap","file": "customfont/lobby/items_title.png","ascent": 10, "height": 14, "chars": ["煤"]},
		{"type": "bitmap","file": "customfont/lobby/profile_title.png","ascent": 10, "height": 14, "chars": ["搰"]},
		
		{"type": "bitmap","file": "gui/lobby/navigator.png","ascent": 19,"height": 256,"chars": [""]},
		{"type": "bitmap","file": "gui/lobby/lobbys.png","ascent": 19,"height": 256,"chars": ["煪"]},
		{"type": "bitmap","file": "gui/lobby/settings.png","ascent": 19,"height": 256,"chars": ["洳"]},
		{"type": "bitmap","file": "gui/lobby/profile/profile-0.png","ascent": 19,"height": 256,"chars": [""]},
		{"type": "bitmap","file": "gui/lobby/profile/profile-1.png","ascent": 19,"height": 256,"chars": [""]},
		{"type": "bitmap","file": "gui/lobby/profile/profile-2.png","ascent": 19,"height": 256,"chars": [""]},
		{"type": "bitmap","file": "gui/lobby/profile/profile-3.png","ascent": 19,"height": 256,"chars": [""]},
		{"type": "bitmap","file": "gui/lobby/lobby-parkour/shop-0.png","ascent": 19,"height": 256,"chars": [""]},
		{"type": "bitmap","file": "gui/lobby/lobby-parkour/shop-1.png","ascent": 19,"height": 256,"chars": [""]},
		{"type": "bitmap","file": "gui/lobby/lobby-parkour/shop-2.png","ascent": 19,"height": 256,"chars": [""]},
	
		{"type": "bitmap","file": "customfont/prefixes/prefix.png","ascent": 7, "height": 7, "chars": ["大"]},
		{"type": "bitmap","file": "customfont/prefixes/friends.png","ascent": 7, "height": 7, "chars": ["つ"]},
		{"type": "bitmap","file": "customfont/prefixes/message.png","ascent": 7, "height": 7, "chars": ["엌"]},
		{"type": "bitmap","file": "customfont/prefixes/party.png","ascent": 7, "height": 7, "chars": ["田"]},
		{"type": "bitmap","file": "customfont/prefixes/discord.png","ascent": 7, "height": 7, "chars": ["衙"]},
		{"type": "bitmap","file": "customfont/prefixes/error.png","ascent": 7, "height": 7, "chars": ["浳"]},

		{"type": "bitmap","file": "customfont/ranks/rank_icons.png","ascent": 7, "height": 7, "chars": ["","","","","","","","",""]},
		{"type": "bitmap","file": "customfont/ranks/ranks.png","ascent": 7,"height": 7,"chars": ["","","","","","","","",""]},

		{"type": "bitmap","file": "customfont/space.png","ascent": -32768,"height": -3,"chars": ["⻔"]},
		{"type": "bitmap","file": "customfont/space_split.png","ascent": 1,"height": 100,"chars": [""]},

		{"chars": ["ᛧ"],"file": "party/ui/friends.png","ascent": 37,"height": 256,"type": "bitmap"},
		{"chars": ["ᛨ"],"file": "party/ui/anvil.png","ascent": 40,"height": 256,"type": "bitmap"},
		{"chars": ["ᛩ"],"file": "party/ui/member.png","ascent": 37,"height": 256,"type": "bitmap"},
		{"chars": ["ᛪ"],"file": "party/ui/party.png","ascent": 37,"height": 256,"type": "bitmap"},
		{"chars": ["᛫"],"file": "party/ui/profile.png","ascent": 37,"height": 256,"type": "bitmap"},
		{"chars": ["᛬"],"file": "party/ui/requests.png","ascent": 37,"height": 256,"type": "bitmap"},
		{"chars": ["᛭"],"file": "party/ui/settings.png","ascent": 37,"height": 256,"type": "bitmap"},
		{"chars": ["ᛮ"],"file": "required/null.png","ascent": -32768,"height": -18,"type": "bitmap"},
		{"chars": ["ᛯ"],"file": "required/null.png","ascent": -32768,"height": -4,"type": "bitmap"},
		{"chars": ["ᛰ"],"file": "required/null.png","ascent": -32768,"height": -66,"type": "bitmap"},
		{"chars": ["ᛱ"],"file": "required/null.png","ascent": -32768,"height": -6,"type": "bitmap"}
		
	]
}