{
    "parent": "item/generated",
    "textures": {
	    "layer0": "item/paper"
    },

    "overrides": [
      { "predicate": {"custom_model_data": 1}, "model": "item/paper/1"},
      { "predicate": {"custom_model_data": 2}, "model": "item/paper/2"},
      { "predicate": {"custom_model_data": 3}, "model": "item/paper/3"},
      { "predicate": {"custom_model_data": 10}, "model": "item/paper/double_jump"},
      { "predicate": {"custom_model_data": 11}, "model": "item/paper/hotbar_sounds"},
      { "predicate": {"custom_model_data": 12}, "model": "item/paper/spawn_location"},
      { "predicate": {"custom_model_data": 13}, "model": "item/paper/player_visibility"},
      { "predicate": {"custom_model_data": 1000},"model": "empty"},
      { "predicate": {"custom_model_data": 1001},"model": "arrow_left"},
      { "predicate": {"custom_model_data": 1002},"model": "arrow_right"},
      { "predicate": {"custom_model_data": 1003},"model": "cancel"},
      { "predicate": {"custom_model_data": 1004},"model": "confirm"},
      { "predicate": {"custom_model_data": 1005},"model": "like"},
      { "predicate": {"custom_model_data": 1006},"model": "notify"},
      { "predicate": {"custom_model_data": 1007},"model": "settings"},
      { "predicate": {"custom_model_data": 2001},"model": "party/accept"},
      { "predicate": {"custom_model_data": 2002},"model": "party/deny"},
      { "predicate": {"custom_model_data": 2003},"model": "party/invite"},
      { "predicate": {"custom_model_data": 2004},"model": "party/jump"},
      { "predicate": {"custom_model_data": 2005},"model": "party/send"},
      { "predicate": {"custom_model_data": 2006},"model": "party/toggle_on"},
      { "predicate": {"custom_model_data": 2007},"model": "party/toggle_off"}
    ]
}