{
	"providers": [

		{"type": "bitmap","file": "minecraft:misc/logo.png","ascent": 64, "height": 128, "chars": ["頹"]},

        { "type": "bitmap", "file": "minecraft:misc/backdrop.png", "height": 1024, "ascent": 512, "chars": [ "󼱦" ] },
        { "type": "bitmap", "file": "minecraft:misc/logo.png", "height": 32, "ascent": 16, "chars": [ "󼱧" ] },

		{"type": "bitmap","file": "font/navigator_title.png","ascent": 10, "height": 14, "chars": ["浤"]},
		{"type": "bitmap","file": "font/items_title.png","ascent": 10, "height": 14, "chars": ["煤"]},
		{"type": "bitmap","file": "font/profile_title.png","ascent": 10, "height": 14, "chars": ["搰"]},
		
		{"type": "bitmap","file": "gui/tryjump/navnew.png","ascent": 19, "height": 256, "chars": ["煪"]},
		{"type": "bitmap","file": "gui/tryjump/navigator.png","ascent": 19,"height": 256,"chars": [""]},
		{"type": "bitmap","file": "gui/tryjump/navigator-team.png","ascent": 19,"height": 256,"chars": [""]},
		{"type": "bitmap","file": "gui/tryjump/profile-0.png","ascent": 19,"height": 256,"chars": [""]},
		{"type": "bitmap","file": "gui/tryjump/profile-1.png","ascent": 19,"height": 256,"chars": [""]},
		{"type": "bitmap","file": "gui/tryjump/profile-2.png","ascent": 19,"height": 256,"chars": [""]},
		{"type": "bitmap","file": "gui/tryjump/profile-3.png","ascent": 19,"height": 256,"chars": [""]},
		{"type": "bitmap","file": "gui/tryjump/lobby-parkour/shop-0.png","ascent": 19,"height": 256,"chars": [""]},
		{"type": "bitmap","file": "gui/tryjump/lobby-parkour/shop-1.png","ascent": 19,"height": 256,"chars": [""]},
		{"type": "bitmap","file": "gui/tryjump/lobby-parkour/shop-2.png","ascent": 19,"height": 256,"chars": [""]},
	
		{"type": "bitmap","file": "font/tags/prefix.png","ascent": 7, "height": 7, "chars": ["大"]},
		{"type": "bitmap","file": "font/tags/discord.png","ascent": 7, "height": 7, "chars": ["衙"]},
		{"type": "bitmap","file": "font/tags/error.png","ascent": 7, "height": 7, "chars": ["浳"]},
	
		{"type": "bitmap","file": "font/tags/ranks/admin.png","ascent": 7, "height": 7, "chars": ["簡"]},
		{"type": "bitmap","file": "font/tags/ranks/developer.png","ascent": 7, "height": 7, "chars": ["計"]},
		{"type": "bitmap","file": "font/tags/ranks/architekt.png","ascent": 7, "height": 7, "chars": ["設"]},
		{"type": "bitmap","file": "font/tags/ranks/moderator.png","ascent": 7, "height": 7, "chars": ["頁"]},
		{"type": "bitmap","file": "font/tags/ranks/supporter.png","ascent": 7, "height": 7, "chars": ["網"]},
		{"type": "bitmap","file": "font/tags/ranks/media.png","ascent": 7, "height": 7, "chars": ["事"]},
		{"type": "bitmap","file": "font/tags/ranks/default.png","ascent": 7, "height": 7, "chars": ["從"]},

		{"type": "bitmap","file": "font/tags/ranks/updated/admin_icon_tag.png","ascent": 7, "height": 7, "chars": [""]},
		{"type": "bitmap","file": "font/tags/ranks/updated/admin_tag.png","ascent": 7, "height": 7, "chars": [""]},
		{"type": "bitmap","file": "font/tags/ranks/updated/developer_icon_tag.png","ascent": 7, "height": 7, "chars": [""]},
		{"type": "bitmap","file": "font/tags/ranks/updated/developer_tag.png","ascent": 7, "height": 7, "chars": [""]},
		{"type": "bitmap","file": "font/tags/ranks/updated/builder_icon_tag.png","ascent": 7, "height": 7, "chars": [""]},
		{"type": "bitmap","file": "font/tags/ranks/updated/builder_tag.png","ascent": 7, "height": 7, "chars": [""]},
		{"type": "bitmap","file": "font/tags/ranks/updated/moderator_icon_tag.png","ascent": 7, "height": 7, "chars": [""]},
		{"type": "bitmap","file": "font/tags/ranks/updated/moderator_tag.png","ascent": 7, "height": 7, "chars": [""]},
		{"type": "bitmap","file": "font/tags/ranks/updated/supporter_icon_tag.png","ascent": 7, "height": 7, "chars": [""]},
		{"type": "bitmap","file": "font/tags/ranks/updated/supporter_tag.png","ascent": 7, "height": 7, "chars": [""]},
		{"type": "bitmap","file": "font/tags/ranks/updated/twitch_icon_tag.png","ascent": 7, "height": 7, "chars": [""]},
		{"type": "bitmap","file": "font/tags/ranks/updated/twitch_tag.png","ascent": 7, "height": 7, "chars": [""]},
		{"type": "bitmap","file": "font/tags/ranks/updated/player_icon_tag.png","ascent": 7, "height": 7, "chars": [""]},
		{"type": "bitmap","file": "font/tags/ranks/updated/player_tag.png","ascent": 7, "height": 7, "chars": [""]},

		{"type": "bitmap","file": "font/space.png","ascent": -32768,"height": -3,"chars": ["⻔"]},
		{"type": "bitmap","file": "font/space_split.png","ascent": 1,"height": 100,"chars": [""]}
		
	]
}