{
	"providers": [

		{"type": "bitmap","file": "font/logo.png","ascent": 64, "height": 128, "chars": ["頹"]},

		{"type": "bitmap","file": "font/navigator_title.png","ascent": 10, "height": 14, "chars": ["浤"]},
		{"type": "bitmap","file": "font/profile_title.png","ascent": 10, "height": 14, "chars": ["搰"]},
	
		{"type": "bitmap","file": "font/tags/discord.png","ascent": 7, "height": 7, "chars": ["衙"]},
		{"type": "bitmap","file": "font/tags/error.png","ascent": 7, "height": 7, "chars": ["浳"]},

		{"type": "bitmap","file": "font/space.png","ascent": -32768,"height": -3,"chars": ["⻔"]},
		{"type": "bitmap","file": "font/space_split.png","ascent": 1,"height": 100,"chars": [""]}
		
	]
}